R2,RMSE,MSE,MAE,MAPE
0.9379474789432573,1.7488770829424851,3.0585710512414157,1.3050052826201797,10.674368272290828
