R2,RMSE,MSE,MAE,MAPE
0.9350738707551117,1.7889134425139703,3.2002113048071843,1.3577654516640254,11.074981652578497
