R2,RMSE,MSE,MAE,MAPE
0.9458971250917214,1.6330133800489548,2.666732699418912,1.1495641838351822,10.826134600199165
