R2,RMSE,MSE,MAE,MAPE
0.9509034998232365,1.5556247311864524,2.4199683042789224,1.0974643423137875,10.361878177993855
