R2,RMSE,MSE,MAE,MAPE
0.9516939095346612,1.5430518398467064,2.3810089804543053,1.0386951928156365,9.89157428551294
