R2,RMSE,MSE,MAE,MAPE
0.8971074110571888,2.252016763577417,5.0715795034337035,1.5775224511357633,12.201494816779505
